검색어,제목,저자,출판사,가격
1026,1026,김진명,새움,"15,750원"
0.6˚,"0.6의 공포, 사라지는 한국",정재훈,21세기북스,"17,820원"
대중들,대중들,"스테판 욘손, 조이 코널리 외 3명",그린비,"40,500원"
공간의 미래,공간의 미래,유현준,을유문화사,"13,500원"
공부의 神,공부의 神 강성태의 공부혁신,강성태,중앙M&B,"6,480원"
공부의 신,공부의 신,강성태,중앙M&B,"5,400원"
안창호,왜 대한민국 헌법인가,안창호,국민일보,"20,700원"
안창호  =,왜 대한민국 헌법인가,안창호,국민일보,"20,700원"
정글,정글북,러드야드 키플링,달곰미디어,"6,000원"
정글북,정글북,러드야드 키플링,달곰미디어,"6,000원"
그림,이렇게 작지만 확실한 행복,무라카미 하루키,문학사상,"14,400원"
사연 있는 그림,사연 있는 그림,이은화,상상출판,"15,750원"
뇌. 하,베르뇌 주교 서한집 - 하,시메옹 프랑수아 베르뇌,한국교회사연구소,"27,000원"
Banksy,Banksy,"Antonelli, Stefano, Marziani, Gianluca",Rizzoli,"45,000원"
이매진,이매진,조나 레러,21세기북스,"11,520원"
종이인형,종이 인형,줄리아 도널드슨,상상스쿨,"10,800원"
공부는 내 인생에 대한 예의다,공부는 내 인생에 대한 예의다,이형진,쌤앤파커스,"12,600원"
인간에 대한 예의,인간에 대한 예의,공지영,창비,"11,700원"
쎄느강은 좌우를 나누고 한강은 남북을 가른다,쎄느강은 좌우를 나누고 한강은 남북을 가른다,홍세화,한겨레출판사,"10,800원"
쎄느강은 좌우를 나누고 한강은 남북을 가른다:,쎄느강은 좌우를 나누고 한강은 남북을 가른다,홍세화,한겨레출판사,"10,800원"
세계만화,설민석의 세계사 대모험 24,"설민석, 김정욱",단꿈아이,"13,500원"
e- 비즈니스,e비즈니스,"조원길, 이혜선 외 1명",책연,"24,700원"
비,데파스의 수기,비,부크크(bookk),"13,500원"
차,K-술과 칵테일,"전재구, 정석태 외 2명",백산출판사,"18,000원"
Music!,주 오신다!,J&A MUSIC,중앙아트,"6,300원"
Ice,Ice,"Kavan, Anna",Penguin Random House UK,"13,600원"
엘르 시리즈,엘르 시리즈 1: 나를 찾아서,Kid Toussaint,놀,"13,500원"
800,다담 언어와 매체 800제(2025),설승환,쏠티북스,"20,700원"
뭐하니?,중학생을 위한 필기법,하니쌤(박현수),사람in,"15,300원"
뭐 어때!,뭐 어때?,사토신,길벗어린이,"12,600원"
100km,100km,가타카와 요코,작은씨앗,"9,000원"
강진만,그리운 강진만,김해인(김재석),문학들,"9,000원"
진주만,맨해튼의 진주만,데이비드 레이 그리핀,한울,"11,700원"
왕실 도서관 규장각에서 조선의 보물찾기,왕실도서관 규장각에서 조선의 보물찾기,신병주,책과함께어린이,"9,900원"
책과 세계,책과 세계,강유원,살림,"8,820원"
전쟁책임,전쟁책임,이에나가 사부로,논형,"18,000원"
만약에 우리 역사에 이런 일이 없었다면?,만약에 우리 역사에 이런 일이 없었다면 1,전준석,주니어랜덤,"8,820원"
만약에 우리 역사에 이런 일이 없었다면？,만약에 우리 역사에 이런 일이 없었다면 1,전준석,주니어랜덤,"8,820원"
훈이 석이,훈이 석이,오시은,문학동네,"9,900원"
어린이 성경,어린이 성경,베르너 라우비,북극곰,"25,200원"
